190003,Aadeesh74
190068,Zark84010
190071,aryanag
190092,akshayagr
190099,rialkush
190100,thakuralok2000
190103,amandixit04
190106,amanj5486
190125,anantps
190133,anhad
190153,anmol_ag
190164,anubhavkalyani
190173,vashishtharindam
190187,aryanpandeya
190196,AshwaniSrivastava
190197,AsishKM
190200,AthaSSiN
190201,atreyagoswami
190203,arthur_08
190217,ayushsgh
190220,ayushi117
190229,Bhagwat
190244,chaitanyasahni1
190253,rockstar2514
190320,diyans
190337,gauravkg921
190353,hardiksh0512
190362,Ghost_Rider01
190379,pshimanshu
190390,Ishit
190393,dnyandeep564
190420,kartikea_gupta
190438,Kranky2001
190439,_lohomi
190440,kritin19
190450,kuntal31
190505,urani_15
190527,c0d3rpr0
190545,nibir2893
190556,nirbhipareek
190558,shrutin
190598,Chinmayee
190600,piyuagr
190601,kpiyush25
190620,pranabpandey
190621,pranavkumar1423
190629,towncoder_ps
190638,Pratech
190649,PriyankaJ
190652,puyadav
190676,grajat
190678,rajat007
190695,king-in-the-south
190701,dungeon_master22
190714,rohanblueboybaijal
190727,S7a2a7d
190741,saksham132
190742,saksham_7
190747,Samanvay
190753,Sanchit1483
190759,Sanjay422
190804,shivamagarwal42157
190804,Agar_shiv07
190805,goelshivam006
190808,shivammalhotra
190818,shoryak
190828,shubh101220001
190829,bulleyed
190834,sskorde
190843,sidwat
190860,spy_23
190862,s9174975022
190918,tsingla07
190933,learned_fool
190976,viplavp
190988,vksingh.iitk28
190995,BYasD
190997,yashbg
190998,yashgupta2224
