190200,athassin
190125,anantps
190164,anubhavkalyani
190092,akshayagr
190976,viplavp
190439,lohomi
190527,c0d3rpr0
190629,towncoder_ps
190197,asish_mandoi17
190862,littlefinger_1
190099,rialkush
190805,goelshivam006
190818,shoryak
190701,dungeon_master22
190997,yashbg
190860,sparshs413
190742,saksham_7
190003,Aadeesh74
190220,ayushi117
190753,Sanchit1483
190353,hardiksh
190337,gaukm
190759,Sanjay422
190804,agar_shiv
190068,zark84010
190440,kritin19
190676,grajat
190695,ridl
190918,tsingla07
190727,S7a2a7d
190714,blueboy
190420,kartikea_gupta
190995,BYasD
190828,shubh101220001
190229,bhagwatgarg
190106,A_J
190203,arthur08
190133,anhad
190438,Kranky2001
190649,WatchingEtting
190100,thakuralok2000
190153,anmol_ag
190545,nibir2893
190362,code_breaker71
190253,rockstar2514
190621,pranavkumar14
190450,kuntal31
190379,pshimanshu
190988,vksingh
190187,aryanpandeya
190843,sidwat
190652,pryadav
190638,Pratech
190393,dnyandeep564
190601,kpiyush25
190998,gupta22yash
190201,king_in_the_east
190557,NA 1
190933,learned_fool
190965,NA 2
190600,piyuagr
